<?xml version="1.0"?>
<odoo>
    <data noupdate="1">

        <record id="ir_cron_scheduler_create_picking_on_weship" model="ir.cron">
            <field name="name">WeShip: Create Picking On Weship</field>
            <field name="interval_number">5</field>
            <field name="interval_type">minutes</field>
            <field name="numbercall">-1</field>
            <field eval="False" name="doall"/>
            <field name="state">code</field>
            <field name="model_id" ref="stock.model_stock_warehouse"/>
            <field name="code">model.scheduler_create_picking_on_weship()</field>
            <field name="active" eval="False"/>
        </record>

        <record id="ir_cron_scheduler_create_picking_on_client" model="ir.cron">
            <field name="name">WeShip: Create Incoming Picking from WeShip</field>
            <field name="interval_number">5</field>
            <field name="interval_type">minutes</field>
            <field name="numbercall">-1</field>
            <field eval="False" name="doall"/>
            <field name="state">code</field>
            <field name="model_id" ref="stock.model_stock_warehouse"/>
            <field name="code">model.scheduler_create_picking_on_client()</field>
            <field name="active" eval="False"/>
        </record>

        <record id="ir_cron_scheduler_get_move_state_move_state_weship" model="ir.cron">
            <field name="name">WeShip: Get Move State from WeShip</field>
            <field name="interval_number">5</field>
            <field name="interval_type">minutes</field>
            <field name="numbercall">-1</field>
            <field eval="False" name="doall"/>
            <field name="state">code</field>
            <field name="model_id" ref="stock.model_stock_warehouse"/>
            <field name="code">model.scheduler_get_move_state_move_state_weship()</field>
            <field name="active" eval="False"/>
        </record>

        <record id="ir_cron_scheduler_fetch_tracking_details_weship" model="ir.cron">
            <field name="name">WeShip: Fetch Tracking Details from WeShip</field>
            <field name="interval_number">5</field>
            <field name="interval_type">minutes</field>
            <field name="numbercall">-1</field>
            <field eval="False" name="doall"/>
            <field name="state">code</field>
            <field name="model_id" ref="stock.model_stock_warehouse"/>
            <field name="code">model.scheduler_get_tracking_weship()</field>
            <field name="active" eval="False"/>
        </record>

        <record id="ir_cron_scheduler_update_product_qty_weship" model="ir.cron">
            <field name="name">WeShip: Update Product Quantity from WeShip</field>
            <field name="interval_number">1</field>
            <field name="interval_type">days</field>
            <field name="numbercall">-1</field>
            <field eval="False" name="doall"/>
            <field name="state">code</field>
            <field name="model_id" ref="stock.model_stock_warehouse"/>
            <field name="code">model.scheduler_update_product_qty_weship()</field>
            <field name="active" eval="False"/>
        </record>
    </data>
</odoo>